{
    "intents": [
        {
            "tag": "greeting",
            "patterns": [
                "Hi there",
                "How are you",
                "Is anyone there?",
                "Hey",
                "Hola",
                "Hello",
                "Good day",
                "What's up?",
                "Hey there",
                "Hi"
            ],
            "responses": [
                "Good to see you again",
                "Hi there, how can I help?"
            ],
            "context": [""]
        },
        {
            "tag": "goodbye",
            "patterns": [
                "Bye",
                "See you later",
                "Goodbye",
                "Nice chatting to you, bye",
                "Till next time"
            ],
            "responses": [
                "See you!",
                "Have a nice day",
                "Bye! Come back again soon."
            ],
            "context": [""]
        },
        {
            "tag": "thanks",
            "patterns": [
                "Thanks",
                "Thank you",
                "That's helpful",
                "Awesome, thanks",
                "Thanks for helping me"
            ],
            "responses": [
                "Happy to help!",
                "Any time!",
                "My pleasure"
            ],
            "context": [""]
        },
        {
            "tag": "noanswer",
            "patterns": [],
            "responses": [
                "Sorry, can't understand you",
                "Please give me more info",
                "Not sure I understand"
            ],
            "context": [""]
        },
        {
            "tag": "options",
            "patterns": [
                "How you could help me?",
                "What you can do?",
                "What help you provide?",
                "How you can be helpful?",
                "What support is offered"
            ],
            "responses": [
                "I can guide you through Adverse drug reaction list, Blood pressure tracking, Hospitals and Pharmacies",
                "Offering support for Adverse drug reaction, Blood pressure, Hospitals and Pharmacies"
            ],
            "context": [""]
        },
        {
            "tag": "adverse_drug",
            "patterns": [
                "How to check Adverse drug reaction?",
                "Open adverse drugs module",
                "Give me a list of drugs causing adverse behavior",
                "List all drugs suitable for patient with adverse reaction",
                "Which drugs don't have adverse reaction?",
                "What are the side effects of this medication?",
                "Can you tell me about the potential side effects of this drug?",
                "How to avoid adverse drug reactions?",
                "What are some common adverse drug reactions?"
            ],
            "responses": [
                "Navigating to Adverse drug reaction module"
            ],
            "context": [""]
        },
        {
            "tag": "blood_pressure",
            "patterns": [
                "Open blood pressure module",
                "Task related to blood pressure",
                "Blood pressure data entry",
                "I want to log blood pressure results",
                "Blood pressure data management",
                "How to measure blood pressure?",
                "What is a healthy blood pressure range?",
                "How often should I check my blood pressure?"
            ],
            "responses": [
                "Navigating to Blood Pressure module"
            ],
            "context": [""]
        },
        {
            "tag": "blood_pressure_search",
            "patterns": [
                "I want to search for blood pressure result history",
                "Blood pressure for patient",
                "Load patient blood pressure result",
                "Show blood pressure results for patient",
                "Find blood pressure results by ID"
            ],
            "responses": [
                "Please provide Patient ID",
                "Patient ID?"
            ],
            "context": ["search_blood_pressure_by_patient_id"]
        },
        {
            "tag": "search_blood_pressure_by_patient_id",
            "patterns": [
                "The patient ID is [ID]",
                "The ID is [ID]",
                "[ID]",
                "[ID] is the patient ID"
            ],
            "responses": [
                "Loading Blood pressure result for Patient"
            ],
            "context": [""]
        },
        {
            "tag": "pharmacy_search",
            "patterns": [
                "Find me a pharmacy",
                "Find pharmacy",
                "List of pharmacies nearby",
                "Locate pharmacy",
                "Search pharmacy",
                "What are the closest pharmacies?",
                "Where can I find the nearest pharmacy?",
                "What pharmacies are in my area?"
            ],
            "responses": [
                "Please provide pharmacy name or location"
            ],
            "context": ["search_pharmacy_by_name"]
        },
        {
            "tag": "search_pharmacy_by_name",
            "patterns": [
                "The pharmacy name is [name]",
                "The pharmacy is located in [location]",
                "I am looking for [name] pharmacy in [location]",
                "[name] pharmacy in [location]"
            ],
            "responses": [
                "Loading pharmacy details"
            ],
            "context": [""]
        },
        {
            "tag": "hospital_search",
            "patterns": [
                "Lookup for hospital",
                "Searching for hospital to transfer patient",
                "I want to search hospital data",
                "Hospital lookup for patient",
                "Looking up hospital details",
                "What hospitals are near me?",
                "Where can I find the nearest hospital?",
                "What hospitals specialize in [specialty]?"
            ],
            "responses": [
                "Please provide hospital name or location"
            ],
            "context": ["search_hospital_by_params"]
        },
        {
            "tag": "search_hospital_by_params",
            "patterns": [
                "The hospital name is [name]",
                "The hospital is located in [location]",
                "I am looking for [name] hospital in [location]",
                "[name] hospital in [location]"
            ],
            "responses": [
                "Please provide hospital type"
            ],
            "context": ["search_hospital_by_type"]
        },
        {
            "tag": "search_hospital_by_type",
            "patterns": [
                "The hospital type is [type]",
                "I am looking for a [type] hospital",
                "[type] hospital"
            ],
            "responses": [
                "Loading hospital details"
            ],
            "context": [""]
        },
        {
            "tag": "medical_condition_search",
            "patterns": [
                "What are the symptoms of [condition]?",
                "Can you tell me about [condition]?",
                "What causes [condition]?",
                "How is [condition] treated?",
                "What are the risk factors for [condition]?",
                "What are some common treatments for [condition]?"
            ],
            "responses": [
                "Here is some information on [condition]"
            ],
            "context": [""]
        },
        {
            "tag": "appointment_booking",
            "patterns": [
                "Can you book an appointment for me?",
                "How do I schedule an appointment?",
                "What is the process for booking an appointment?",
                "I need to make an appointment with my doctor",
                "When is the next available appointment?",
                "How can I cancel an appointment?",
                "Can I reschedule my appointment?"
            ],
            "responses": [
                "Please provide the details of your appointment (date, time, location, reason for the appointment)"
            ],
            "context": [""]
        },
        {
            "tag": "symptom_checker",
            "patterns": [
                "I have a headache",
                "My throat hurts",
                "I have a fever",
                "I have a rash",
                "I'm feeling tired"
            ],
            "responses": [
                "Based on your symptoms, it's possible that you have [possible condition]. Please consult your doctor for a proper diagnosis."
            ],
            "context": [""]

        },
        {
            "tag": "emergency_services",
            "patterns": [
                "I need an ambulance",
                "I've been in an accident",
                "I'm having a heart attack",
                "I'm having difficulty breathing",
                "I'm bleeding profusely"
            ],
            "responses": [
                "Please call 911 or your local emergency services immediately."
            ],
            "context": [""]

        }
        

    ]
}